CLAVE,NOMBRE
201,ECONOMIA INDUSTRIAL I
21,ASPECTOS LEGALES INDUSTRIALES
49,BIOQUIMICA III
129,CALCULO AVANZADO
137,CORROSION Y PROT. METALICA
149,CRISTALOGRAFIA Y DIFRACCION
163,DIRECCION DE EMPRESAS
203,ESPECTROSCOPIA APLICADA
209,ENOLOGIA
249,FENOMENOS DE TRANSPORTE
258,FISICA VI
259,FISICA VII
270,FISICOQUIMICA VIII
271,FISICOQUIMICA IX
325,INGENIERIA METALURGICA I
326,INGENIERIA METALURGICA II
327,INGENIERIA NUCLEAR
339,INSTRUMENTACION INDUSTRIAL
340,INVESTIGACION DE OPERACIONES I
341,INVEST.DE OPER.II
343,INGENIERIA INDUSTRIAL I
355,INGENIERIA AMBIENTAL I
356,INGENIERIA AMBIENTAL II
357,INGENIERIA DE FUNDICION
489,METALURGIA ADAPTATIVA II
491,METALURGIA EXTRACTIVA II
492,METALURGIA EXTRACTIVA III
501,MICROBIOLOGIA II
575,OPTIMIZACION
601,PAPEL Y CELULOSA II
606,POLIMEROS
609,PROCESOS PETROQUIMICOS
610,PRODUCTOS NATURALES I
612,PLANEACION Y DESARROLLO IND.
628,PRODUCTOS NATURALES
629,PLAN. Y DES. DE PLAN.SID.
640,QUIMICA CUANTICA
641,QUIMICA EXP. APLICADA I
643,QUIMICA INDUSTRIAL
649,QUIMICA NUCLEAR Y RADIOQUIMICA
658,QUIMICA DEL PETROLEO
682,REFRACTARIOS
691,REFINACION SECUNDARIA DE ACERO
721,SEMINARIO I
723,SIMULACION DE PROCESOS I
724,SIMULACION DE PROCESOS II
725,SEMINARIO DE BIOQUIMICA
726,SEMINARIO DE INMUNOLOGIA
727,SEMINARIO DE MICROB INDUSTRIAL
755,SIMULACION DE PROCESOS METAL.
756,SOLIDIFICACION
759,TEC. DE FIBRAS QUIMICAS
762,TECNOLOGIA DE MATERIALES
763,TECNOLOGIA NUCLEAR
764,TECNOLOGIA QUIMICA
770,TECNOLOGIA DE ALIMENTOS III
780,TRANSFORMACIONES DE FASE
786,TOP SEL DE LA PRACTICA DEL IQ
790,UNION QUIMICA
856,QUIMICA ANALITICA V
1336,EQUIL.SIMUL.MEDIO HOM.Y HET.
1436,EQUIL.SIMUL.EN SIST. HETEROG.
1536,METODOS OPTICOS DE ANALISIS
1889,ANALISIS INSTRUMENTAL DE ALIM.
9,ANALISIS IV
10,ANALISIS V
12,ANALISIS VI
13,ANALISIS VII
15,ANALISIS VIII
19,AZUCAR I
20,AZUCAR II
26,ANALISIS DE ALIMENTOS
45,BIOQUIMICA I
47,BIOQUIMICA II
120,GEN.FIB.NAT.SINT.Y ART.
121,TINTURA Y ACABADO DE FIBRAS
127,CONTROL DE CALIDAD
175,DESARROLLO DE ALIMENTOS
210,ENZIMOLOGIA APL. A LOS ALIM.
263,FISICOQUIMICA IV
290,FERMENTACIONES INDUSTRIALES
301,FISICA VI
494,METALURGIA EXTRACTIVA V
496,METALURGIA FISICA II
497,METALURGIA FISICA III
498,MICROBIOLOGIA I
504,MICROBIOLOGIA INDUSTRIAL
505,MINERALOGIA I
506,MINERALOGIA II
507,METALURGIA FISICA IV
527,MICROBIOLOGIA DE ALIMENTOS
561,NUTRICION
604,PLASTICOS Y SILICONES I
605,PLASTICOS Y SILICONES II
616,PROCESOS DE ALIMENTOS
645,QUIMICA INORGANICA II
690,RESISTENCIA DE MATERIALES
767,TRATAMIENTO DE AGUAS
768,TECNOLOGIA DE ALIMENTOS I
769,TECNOLOGIA DE ALIMENTOS II
771,TECNOLOGIA DE CEREALES
782,TECNOLOGIA DE MALTA Y CERVEZA
801,VITAMINAS Y HORMONAS
51,MICROBIOLOGIA II
1014,ENERGETICOS I
1015,ENERGETICOS II
1016,PETROQUIMICA I
1633,UNION QUIM. Y FUND. ESPECTROS
1081,BIOLOGIA MOLECULAR
1082,CONTROL DE CALIDAD II
1083,ENOLOGIA
1084,GRASAS Y ACEITES COMESTIBLES
1085,MALTA Y CERVEZA
1086,NUTRICION II
1087,PRODUCTOS PESQUEROS yACUICOLAS
1088,TRATAMIENTOS AGUAS Y DES.IND.
1582,DISEÑO DE EXPERIMENTOS
1587,OPERACIONES UNITARIAS ALIM. I
1687,OPERACIONES UNITARIAS ALIM.II
1681,ECONOMIA DE LA IND.ALIMENTARIA
1785,QUIMICA DE ADITIVOS ALIM.
1885,DESARROLLO DE ALIMENTOS
1983,HIGIENE Y LEGISLACION ALIM.
1985,DESARROLLO EXP. DE ALIMENTOS
1421,PRINCIPIOS DE CINETICA
1021,PROCESOS EXTRACCION Y REFINAC.
1022,INGENIERIA METALURGICA
1822,INGENIERIA ECONOMICA
1025,PROCESOS CORROSION ELECTROMETA
1225,INTRODUCCION A LA METALURGIA
1321,ECUACIONES DIFERENC. PARCIALES
1523,TRANSPORTE DE ENERGIA
1529,INSTALACIONES Y EQUIPOS ELCTRI
1623,TRANSPORTE DE MASA
1629,INSTRUMENTACION Y CONTROL D PROCESOS
1721,PROCESOS DE SOLIDIFICACION
1828,ACERACION
1923,ANALISIS PROCESOS METALURGICOS
1723,FUNDAMENTOS OPTIMIZAC. SIMULAC
1725,PROCESOS CONFORMADO MECANICO
1825,PREVENCION ANALISIS DE FALLAS
1423,DINAMICA DE FLUIDOS
1101,CAL. DE FUN. DE UNA VARIABLE
1102,ALGEBRA
1201,CAL. DE FUN. DE VAR. VARIABLES
1202,ECUACIONES DIFERENCIALES
1204,ESTRUCTURA DE LA MATERIA
1109,PROGRAMACION Y COMPUTACION
1302,ESTADISTICA
1418,INGENIERIA MECANICA
1409,METODOS NUMERICOS
1518,INGENIERIA ELECTRICA
1615,QUIM. DE LOS PROCESOS INDUST.
1718,SELECCION Y ESPECIF. DE EQUIPO
1719,INGENIERIA ECONOMICA I
1801,INGENIERIA ECONOMICA II
1710,INGENIERIA AMBIENTAL
1818,INGENIERIA DE SERVICIOS
1901,ADMINISTRACION INDUSTRIAL
1919,RELACIONES HUMANAS EN EMPRESA
1910,SEGURIDAD INDUSTRIAL
1733,ESPECTROSCOPIA APLICADA
1835,INT. A LA OP. Y ACT. IND. QUIM
1930,SEMINARIO
1030,DES. Y OPT. DE PROC. DE SINT.I
1031,DES.Y OPT DE PROC. DE SINT. II
1032,DESARROLLO ANALITICO
1034,INTROD. A LA GEST. TEC. QUIM.I
1035,INTROD.A LA GEST.TEC. QUIM. II
1036,RECURSOS NATURALES
1037,EQUILIBRIO DE ECOSISTEMAS
1208,BIOLOGIA CELULAR
1306,FENOMENOS DE TRANSPORTE
1325,ELEMENTOS DE CIENCIA DE MATS.
1525,TRANSFORMACIONES DE FASE
1621,COMPORTAMIENTO MECANICO METALE
1625,TRATAMIENTOS TERMICOS
1626,HIDROMETALURGIA
1627,ELECTROQUIMICA
1720,CORROSION Y PROTECCION
1726,PIROMETALURGIA
1729,PROCESADO ELECTROMETALURGICO
1820,PROCESOS ALTERNOS MANUFACTURA
1346,QUIMICA ANALITICA I
1446,QUIMICA ANALITICA II
1516,ANALITICA I
1616,ANALITICA II
1256,QUIMICA ANALITICA I
1356,QUIMICA ANALITICA II
1501,BIOQUIMICA I
1601,BIOQUIMICA II
1648,BACTERIOLOGIA
1741,INMUNOLOGIA GENERAL
1745,GENETICA GENERAL
1846,ANALISIS DE MEDICAMENTOS
1848,TOXICOLOGIA
1946,CONTROL DE CALIDAD
1947,BIOFARMACIA
1070,TECNOLOGIA FARMACEUTICA III
1071,DESARROLLO FARMACEUTICO
1072,FARMACOGNOSIA
1073,DESARROLLO ANALITICO
1074,QUIMICA FARMACEUTICA
1060,PARASITOLOGIA
1061,MICOLOGIA
1062,VIROLOGIA
1063,HEMATOLOGIA
1064,ANALISIS CLINICOS II
1065,INMUNOLOGIA APLICADA
1588,MICROBIOLOGIA DE ALIMENTOS
1682,ANALISIS SENSORIAL
1782,CONTROL DE CALIDAD I
1788,ANALISIS DE ALIMENTOS
1787,PRODUCTOS CARNICOS
1883,NUTRICION I
1884,PRODUCTOS DE CEREALES Y LEG.
1886,PRODUCTOS LACTEOS
1888,BIOTECNOLOGIA
1427,TERMODINAMICA METALURGICA II
1327,TERMODINAMICA METALURGICA I
1786,PRODUCTOS VEGETALES
1387,EQUILIBRIO FISICOQUIMICO
1487,FISICOQUIMICA SUP.Y CINET.QUIM
1685,QUIMICA DE ALIMENTOS
1345,QUIMICA ORGANICA I
1347,EQUILIBRIO HETEROGENEO
1748,ANALISIS CLINICOS I
1305,QUIMICA ORGANICA I
1435,COMPUESTOS CON C. H. Y HALOGEN
1524,ANALISIS INSTRUMENTAL METALURG
1526,PROCESOS SEPARACION Y CONCENT.
1527,QUIMICA DE SOLUCIONES IONICAS
1535,COMPUESTOS CON C.H.O.N. Y S.
1920,PROYECTO
1821,FUNDICION
1826,PIROREFINACION
1425,FUNDAMENTOS METALURGIA FISICA
1103,CINEMATICA Y DINAMICA
1104,QUIMICA GENERAL
1213,ESTATICA
1207,TERMODINAMICA
1203,ELECTROMAGNETISMO
1232,ELECTROMAGNETISMO
1304,QUIMICA INORGANICA
1317,PROPIEDADES TERMODINAMICAS
1303,BALANCES DE MATERIA Y ENERGIA
1405,QUIMICA ORGANICA II
1445,QUIMICA ORGANICA II
1545,QUIMICA ORGANICA III
1645,QUIMICA ORGANICA IV
1403,FLUJO DE FLUIDOS
1417,EQUILIBRIO FISICO
1517,EQUILIBRIO QUIMICO
1513,TRANSFERENCIA DE CALOR
1611,ELECTROQUIMICA
1617,FENOMENOS DE SUPERFICIE
1613,PROCESOS DE SEPARACION I
1714,PROCESOS DE SEPARACION II
1717,CINETICA QUIMICA Y CATALISIS
1813,INGENIERIA DE REACTORES
1713,SIMULAC Y OPTIMIZ DE PROCESOS
1913,INGENIERIA DE PROYECTOS
1013,MATERIALES II
1012,MATERIALES I
1556,Q. ANALITICA INSTRUMENTAL I
1656,Q. ANALITICA INSTRUMENTAL II
1335,INTRODUC. A LA QUIM. ORGANICA
1432,ONDAS Y OPTICA
1437,PROPIEDADES FISICOQUIMICAS
1434,QUIMICA DEL ESTADO SOLIDO
1537,EQUILIBRIO FISICOQUIMICO
1534,QUIMICA INORGANICA COVALENTE
1637,EQUIL.EN INTER.Y CINETICA FISC
1634,QUIMICA DE COORDINACION
1635,COMPUESTOS CARBONILICOS
1738,BIOQUIMICA CELULAR
1737,CINETICA QUIMICA
1734,QUIMICA ORGANOMETALICA
1735,COMPUESTOS ORG. HETEROCICLIC.
1838,BIOQUIMICA METABOLICA
1830,QUIMICA EXPERIMENTAL APLIC.
1938,BIOSINTESIS MICROBIANA
1033,EL LAB. DE CONT. Y DES. ANALIT
1348,FISIOLOGIA
1447,FISICOQUIMICA FARMACEUTICA
1448,MICROBIOLOGIA GENERAL
1541,FARMACOLOGIA GENERAL
1548,MICROBIOLOGIA GENERAL II
1641,FARMACOLOGIA APLICADA
1647,TECNOLOGIA FARMACEUTICA I
1747,TECNOLOGIA FARMACEUTICA II
14,ANALISIS I
61,BIOESTADISTICA
62,BIOFARMACIA
63,BIOLOGIA CELULAR
122,COMPUTACION ELECT. Y PROG. I
125,CALCULO DIFERENCIAL E INTEGRAL
126,CONTROL DE CALIDAD
160,DIBUJO
161,DISEÑO DE EQUIPO
211,ESTEQUIOMETRIA
224,ESTADISTICA I
225,ESTADISTICA II
235,FISICA I
236,FISICA II
297,FISICOQUIMICA II
298,FISICOQUIMICA III
305,GENETICA GENERAL
306,GENETICA II
321,INGENIERIA ELECTRICA I
322,INGENIERIA ELECTRICA II
323,INGENIERIA MECANICA I
324,INGENIERIA MECANICA II
328,INGENIERIA DE PROCESOS
329,INGENIERIA QUIMICA I
330,INGENIERIA QUIMICA II
331,INGENIERIA QUIMICA III
332,INGENIERIA QUIMICA IV
333,INGENIERIA QUIMICA V
334,INGENIERIA QUIMICA VI
335,INGENIERIA QUIMICA VII
336,INGENIERIA QUIMICA VIII
358,INGENIERIA ECONOMICA I
359,INGENIERIA ECONOMICA II
456,LAB. DE CIENCIA BASICA I
457,LAB. DE CIENCIA BASICA II
458,LAB. DE MOMENTUM Y CALOR
459,LAB. DE TRANSF. DE MASA
480,MATEMATICAS I
481,MATEMATICAS II
639,QUIMICA INORGANICA I
655,QUIMICA ORGANICA V
680,RADIOFARMACIA
681,RELACIONES HUMANAS
720,SEGURIDAD INDUSTRIAL
729,SEMINARIO DE MICROB. MEDICA
758,TECNOLOGIA DE SERVICIOS
851,QUIMICA ANALITICA I
5,ANALISIS II
6,ANALISIS III
7,ANALISIS IV
11,ANALISIS V
23,ANALISIS II
24,ANALISIS III
25,ANALISIS IV
27,ANALISIS BIOQUIMICO CLINICOS
35,ANALISIS CLIN. BACTERIOLOGICOS
36,ANALISIS QUIMICO CLINICOS
37,ANATOMIA Y FISIOLOGIA
60,BACTERIOLOGIA MEDICA
64,BIOQUIMICA I
82,BIOSINTESIS MICRO DE APLIC IND
128,CONTROL DE MEDICAMENTOS
174,DESARROLLO ANALITICO
252,FISICA III
255,FISICA IV
257,FISICA V
266,FISICOQUIMICA V
268,FISICOQUIMICA VI
269,FISICOQUIMICA VII
286,FARMACOGNOSIA
287,FARMACOLOGIA I
288,FARMACOLOGIA II
289,FARMACOLOGIA III
291,FISICA III
292,FISICOQUIMICA FARMACEUTICA
294,FISIOLOGIA Y BIOQ. DE MICROORG
295,FISICOQUIMICA IV
312,HEMATOLOGIA
314,HISTOLOGIA NORMAL Y PATOLOGICA
345,INMUNOLOGIA
361,INMUNOLOGIA GENERAL
362,INMUNOLOGIA APLICADA
526,MICROBIOLOGIA AGRICOLA
528,MICROBIOLOGIA FARMACEUTICA
529,MICROBIOLOGIA GENERAL
530,MICROBIOLOGIA GENERAL
574,OPERACIONES UNITARIAS FARMAC.
614,PARASITOLOGIA
617,PROCESOS CINETICOS Y ESTAB.
650,QUIMICA ORGANICA I
653,QUIMICA ORGANICA III
654,QUIMICA ORGANICA IV
659,QUIMICA ORGANICA I
660,QUIMICA ORGANICA II
662,QUIMICA ORGANICA III
675,QUIMICA LEGAL
760,TECNOLOGIA DE ALIMENTOS
772,TECNOLOGIA FARMACEUTICA I
773,TECNOLOGIA FARMACEUTICA II
781,TECNOLOGIA FARMACEUTICA III
783,TOXICOLOGIA
784,TERMODINAMICA QUIMICA
800,VIROLOGIA
852,QUIMICA ANALITICA II
853,QUIMICA ANALITICA III
854,QUIMICA ANALITICA IV
65,BIOQUIMICA II
1017,PETROQUIMICA II
674,QUIMICA DE ALIMENTOS
293,FISIOLOGIA
313,HIGIENE INDUSTRIAL
344,ING. INDUSTRIAL II
1744,BIOSINTESIS INDUSTRIALES
635,QUIMICA DE LOS MAT. CERAMICOS
1636,METOD. ELECTROM. Y DE SEPARAC.
4,ANALISIS I
9582,DISEÑO DE EXPERIMENTOS
202,ECONOMIA INDUSTRIAL II
250,FISICA I
251,FISICA II
261,FISICOQUIMICA II
262,FISICOQUIMICA III
455,LAB. DE CIENCIA BASICA I
483,MATEMATICAS IV
485,MATEMATICAS VI
486,MATEMATICAS VII
1986,QUIMICA ANALITICA INSTRUMENTAL I
644,QUIMICA INORGANICA I
600,PAPEL Y CELULOSA I
482,MATEMATICAS III
260,FISICOQUIMICA I
484,MATEMATICAS V
855,QUIMICA ANALITICA V
123,COMPUTACION ELECT. Y PROG. II
1783,TOXICOLOGIA DE ALIMENTOS
9902,QUIMICA BASICA
9903,LABORATORIO DE QUIMICA BASICA
9905,TALLER DE DESARROLLO PERSONAL
9906,CONFERENCIAS
1746,QUIMICA ANALITICA IV
1113,FISICA I
1110,ALGEBRA SUPERIOR
1114,QUIMICA GENERAL I
1111,CALCULO I
1010,SINTESIS DE POLIMEROS
9999,TALLER DE MATEMATICAS
1707,BIOQUIMICA EXPERIMENTAL
1704,QUIMICA ANALITICA INSTRUMENTAL I
1205,CALCULO II
1209,FISICA II
1210,LABORATORIO DE FISICA
1214,BIOLOGIA CELULAR
9997,TALLER DE CALCULO II
495,METALURGIA FISICA I
608,PREPARACION DE MINERALES II
490,METALURGIA EXTRACTIVA I
488,METALURGIA ADAPTATIVA I
1311,QUIMICA ORGANICA I
1309,FUNDAMENTOS DE ESPECTROSCOPIA
1308,EQUILIBRIO Y CINETICA
320,INFORMACION BIBLIOGRAFICA
642,QUIMICA EXP. APLICADA II
656,QUIMICA ORGANICA V
1310,QUIMICA INORGANICA I
1456,QUIMICA ANALITICA III
164,FISIOLOGIA
1315,METALURGIA Y SOCIEDAD
1314,FUNDAMENTOS DE METALURGIA Y MATERIAL
437,MAQUINAS TERMICAS
1413,QUIMICA ORGANICA II
1407,QUIMICA ORGANICA II
1411,QUIMICA ORGANICA II
1404,QUIMICA CUANTICA I
1212,TERMODINAMICA
1211,QUIMICA GENERAL II
1424,METODOS NUMERICOS
1410,MICROBIOLOGIA GENERAL
1428,TRANSFERENCIA DE MOMENTUM
1400,ESTADISTICA
1408,FARMACOLOGIA I
1402,QUIMICA ANALITICA I
1406,QUIMICA INORGANICA II
1422,INTRODUC. A LA ING. DE PROCESOS META
1426,TERMODINAMICA QUIMICA
1401,FISICOQUIMICA DE IONICA Y ELECTRODIC
1011,CARACTERIZACION Y PROCES D POLIMEROS
1814,DINAMICA Y CONTROL DE PROCESOS
1935,TRABAJO DE INVESTIGACION
167,CONFITERIA
152,ENVASES PARA ALIMENTOS
487,MATEMATICAS SUP. EN ING. QUIM.
1538,CINETICA QUIMICA Y CATALISIS
1540,ELECTROQUIMICA
1543,INGENIERIA DE FLUIDOS
1544,LABORATORIO DE INGENIERIA QUIMICA I
1547,TRANSFERENCIA DE ENERGIA
1500,FISIOLOGIA MICROBIANA
1528,ANALISIS DE SISTEMAS REACCIONANTES E
1530,BENEFICIO DE MINERALES
1531,METALURGIA QUIMICA EXPERIMENTAL
1532,TRANSFORMACIONES DE FASE
1504,QUIMICA ANALITICA II
1507,ANALITICA EXPERIMENTAL I
1508,BIOQUIMICA
1509,FARMACOLOGIA II
1521,QUIMICA ORGANICA III
1503,METROLOGIA
1505,QUIMICA INORGANICA III
1514,FISICOQUIMICA DE ALIMENTOS
1519,QUIMICA DE ALIMENTOS I
1506,QUIMICA ORGANICA III
1206,ESTRUCTURA DE LA MATERIA
1605,QUIMICA INORGANICA IV
1606,QUIMICA ORGANICA IV
1628,QUIMICA ORGANICA III
1602,ANALITICA EXPERIMENTAL I
1603,CINETICA QUIMICA
1604,QUIMICA ANALITICA III
1607,ANALITICA EXPERIMENTAL II
1608,ATENCION FARMACEUTICA
1609,BACTERIOLOGIA
1610,BACTERIOLOGIA EXPERIMENTAL
1614,TOXICOLOGIA
1618,LABORATORIO DE ALIMENTOS I
1620,NUTRICION
1631,FUNDAMENTOS DE PROCESADO ELECTROMETA
1638,TRATAMIENTOS TERMICOS
1640,INGENIERIA DE CALOR
1642,INGENIERIA DE REACTORES I
1644,LABORATORIO UNIFICADO DE FISICOQUIMI
1649,TRANSFERENCIA DE MASA
1619,MICROBIOLOGIA DE ALIMENTOS
1643,INGENIERIA ECONOMICA I
221,INTRODUCCION A LA CIENCIA DE POLIMER
214,ECONOMIA Y ADMINISTRACION I
142,BIOTECNOLOGIA
1706,BIOFARMACIA
1705,ANALISIS DE MEDICAMENTOS
1709,TECNOLOGIA FARMACEUTICA I
1742,INGENIERIA AMBIENTAL
1743,INGENIERIA ECONOMICA II
1749,LABORATORIO D INGENIERIA QUIMICA III
1750,PROCESOS DE SEPARACION
265,MATEMATICAS APLICADAS II
1728,ANALISIS NUMERICO EN FENOMENOS DE TR
1730,COMPORTAMIENTO MECANICO
1731,CORROSION Y PROTECCION
1739,SOLIDIFICACION
1700,ANALITICA EXPERIMENTAL II
1701,BIOQUIMICA GENERAL
141,BIOQUIMICA EXPERIMENTAL
1703,LABORATORIO UNIFICADO DE FISICOQUIMI
1708,INMUNOLOGIA GENERAL
1711,CALIDAD
1712,EVALUACION SENSORIAL
1715,LABORATORIO DE ALIMENTOS II
1716,PROCESOS DE ALIMENTOS
1724,QUIMICA DE ALIMENTOS III
1727,TOXICOLOGIA DE ALIMENTOS
32,POLIMEROS
33,QUIMICA AMBIENTAL
67,QUIMICA ORGANICA V
38,QUIMICA CUANTICA II
39,QUIMICA DE DISPOSITIVOS DEL EDO. SOL
46,QUIMICA DE MATERIALES
48,QUIMICA NUCLEAR
213,DISEÑO DE EQUIPO
215,ECONOMIA Y ADMINISTRACION II
219,INGENIERIA DE SISTEMAS I
256,MATEMATICAS APLICADAS I
276,REOLOGIA Y PROCESAMIENTO DE POLIMERO
182,INTERPRETACION METALOGRAFICA
189,MODELADO FISICO D PROCESOS METALUGIC
1736,INGENIERIA ECONOMICA
1722,QUIMICA DE ALIMENTOS II
1307,ECUACIONES DIFERENCIALES
1502,FISICOQUIMICA DE INTERFASES
186,METALURGIA DE HIERROS COLADOS
156,INOCUIDAD ALIMENTARIA
254,MICROBIOLOGIA GENERAL
1024,PROCESOS DE MANUFACTURA
1806,ASEGURAMIENTO DE CALIDAD
105,DESARROLLO ANALITICO
106,DESARROLLO FARMACEUTICO
107,FARMACOGNOSIA
109,INGENIERIA FARMACEUTICA
111,TECNOLOGIA FARMACEUTICA II
134,ADMINISTRACION FARMACEUTICA
135,FARMACOTERAPIA I
139,LEGISLACION FARMACEUTICA
1802,ANALITICA EXPERIMENTAL III
1803,QUIMICA ANALITICA INSTRUMENTAL II
1804,SEMINARIO I
1805,TRABAJO DE INVESTIGACION I
1807,BIOQUIMICA CLINICA
1808,INTRODUCCION A LA GENOMICA
1809,LAB. DE TECNOLOGIA DE ALIMENTOS
1810,CONFORMADO MECANICO
1811,ELECTROMETALURGIA
1815,FUNDICION
1817,DISEÑO DE PROCESOS
1819,DINAMICA Y CONTROL DE PROCESOS
1823,LABORATORIO D INGENIERIA QUIMICA IV
1903,SEMINARIO II
1904,TRABAJO DE INVESTIGACION II
1906,ESTANCIA
1907,ANALISIS DE FALLAS
1908,INGENIERIA DE ALEACIONES
1909,PROYECTO
1911,SIDERURGIA
1912,INGENIERIA DE PROYECTOS
74,ESPECTROSCOPIA APLICADA
85,OPTIMIZACION Y PROCESOS D SINT I
108,FISICOQUIMICA FARMACEUTICA
113,APLICACIONES D BIOQUIMICA Y BIOLOGIA
114,BIOSINTESIS Y BIOTECNOLOGIA
117,HEMATOLOGIA
118,INMUNOLOGIA APLICADA
119,MICOLOGIA
130,MICROBIOLOGIA AMBIENTAL I
132,PARASITOLOGIA
133,VIROLOGIA
140,ALIMENTOS FERMENTADOS
143,ENOLOGIA
144,GENETICA Y BIOLOGIA MOLECULAR
146,MALTA Y CERVEZA
151,DESARROLLO DE NUEVOS PRODUCTOS
170,PRODUCTOS PESQUEROS Y ACUICOLAS
173,TECNOLOGIA DE LACTEOS
205,ADMINISTRACION DE PROYECTOS
212,CATALISIS II
222,LABORATORIO DE MICROBIOLOGIA
273,PROTECCION AMBIENTAL I
272,MODELADO Y SIMULACION DE PROCESOS PO
238,LABORATORIO DE POLIMEROS I
30,BIOSINTESIS MICROBIANA
1414,QUIMICA DEL ESTADO SOLIDO
1510,QUIMICA COVALENTE
1622,QUIMICA DE COORDINACION
1624,QUIMICA ORGANOMETALICA
148,TECNOLOGIA DE FERMENTACIONES
171,TECNOLOGIA DE CEREALES
1512,DISEÑO DE EXPERIMENTOS
1812,FUNDAMENTOS DE ADMINISTRACION
XX01,QUIMICA INORGANICA II
XX02,QUIMICA INORGANICA III
207,CATALISIS I
1316,BALANCES DE MATERIA Y ENERGIA
1412,QUIMICA ORGANICA II
1542,FENOMENOS DE SUPERFICIE
1646,LABORATORIO DE INGENIERIA QUIMICA II
1740,INGENIERIA DE REACTORES II
XX03,QUIMICA INORGANICA IV
147,TECNOLOGIA ENZIMATICA
185,METALURGIA DE ALEACIONES COLADAS BAS
1419,EQUILIBRIO DE FASES EN METALURGIA Y
1420,INTRODUCCION A LA CIENCIA E INGENIER
1533,TRANSPORTE DE ENERGIA
1632,PIROMETALURGIA
1639,TRANSPORTE DE MASA
1732,HIDROMETALURGIA
84,INTRODUCCION A LA TERMODINAMICA ESTA
89,RECURSOS NATURALES
239,LABORATORIO DE POLIMEROS II
136,FARMACOTERAPIA II
138,FARMACOVIGILANCIA
112,TECNOLOGIA FARMACEUTICA III
216,ESTANCIA ACADEMICA
204,ADMINISTRACION DEL RIESGO
217,ESTANCIA PROFESIONAL
274,PROTECCION AMBIENTAL II
275,PROTECCION AMBIENTAL III
153,FUNCIONALIDAD DE INGREDIENTES Y ADI
150,ASEGURAMIENTO DE CALIDAD
155,LEGISLACION Y NORMATIVIDAD
157,MECANISMOS DE PATOGENICIDAD
158,TECNICAS AVANZADAS EN MICROBIOL.
115,ENDOCRINOLOGIA
116,FISIOPATOLOGIA
159,FACTORES TOXICOS
165,NUTRICION HUMANA
166,TOPICOS SELECTOS EN NUTRICION
168,GRASAS Y ACEITES COMESTIBLES
169,PANIFICACION
172,TECNOLOGIA DE FRUTAS Y HORTALIZAS
177,PRODUCTOS CARNICOS
178,ANALIS MAT D TRAB EXP EN ING D PROC
184,MATERIALES COMPUESTOS DE MATRIZ META
187,METALURGIA DE POLVOS Y SOLDADURA
218,INGENIERIA BIOQUIMICA
237,LABORATORIO DE CATALISIS
70,BIOLOGIA CELULAR
131,MICROBIOLOGIA AMBIENTAL II
31,INTRODUCCION A LOS MATERIALES
34,QUIMICA BIOINORGANICA
69,TECNICAS DE ANALISIS DE SOLIDOS
80,INTRODUCCION A LA DINAMICA QUIMICA N
83,INTRODUCCION A LA SIMULACION MOLECUL
68,SINTESIS DE MATERIALES
91,SINTESIS DE CERAMICOS
95,ECONOMIA Y SOCIEDAD
96,FILOSOFIA DE LA CIENCIA
97,FUNDAMENTOS DE ADMINISTRACION
98,FUNDAMENTOS DE DERECHO
99,PENSAMIENTO Y APRENDIZAJE
101,REGIONES SOCIOECONOMICAS
102,RELACIONES HUMANAS
104,COMUNICACION CIENTIFICA
179,BIOLIXIVIACION DE MINERALES
87,PROPIEDADES FISICAS DE LOS SOLIDOS
303,QUIMICA DE ALIMENTOS II
154,CURSO BASICO DE CIENCIAS NUC.
1344,GENETICA GENERAL
2,ADMINISTRACION DE EMPRESAS II
1,ADMINISTRACION DE EMPRESAS I
52,BIOSINTESIS DE APLICACION IND.
1236,EQUIL. QUIM.SIMP.EN FASE HOM.
576,OPTIM. DE PROC. METALUR.
223,ECUACIONES DIFERENCIALES
523,MATEMATICA IV
176,DESARROLLO DE MEDICAMENTOS
296,FISICOQUIMICA I
524,MICOLOGIA
651,QUIMICA ORGANICA II
162,DISEÑO DE EXPERIMENTOS
722,SEMINARIO II
1546,QUIMICA ANALITICA III
342,INGENIERIA INDUSTRIAL
607,PREPARACION DE MINERALES I
493,METALURGIA EXTRACTIVA IV
100,PSICOLOGIA DEL TRABAJO HUMANO
1824,TALLER DE PROBLEMAS
267,MATEMATICAS APLICADAS III
190,TECS SELECTAS P MODEL MAT EN ING D P
1816,ING. DE PROCESOS METALURGICOS Y DE M
93,TERMODINAMICA IRREVERSIBLE LINEAL
88,QUIMICA COMPUTACIONAL
75,EQUILIBRIO DE ECOSISTEMAS
79,IDEAS PREVIAS
71,CELULOSA Y PAPEL I
72,CELULOSA Y PAPEL II
103,TEORIA DE LA ORGANIZACION
92,SISTEMAS DE INFORMACION DIGITAL
90,SEMINARIO DE LA PRACTICA DOCENTE
73,CONSTRUCTIVISMO Y ENSEÑANZA DE LA CI
188,MICROSCOPIA DE BARRIDO ELECTRONICO
183,INTRODUCCION A LA CIENCIA DE POLIMER
180,CERAMICOS
1312,FISIOLOGIA
1612,QUIMICA ANALITICA INSTRUMENTAL I
206,BIOQUIMICA GENERAL
81,INTRODUCCION A LA GENOMICA
1515,MICROBIOLOGIA EXPERIMENTAL
1630,GENETICA Y BIOLOGIA MOLECULAR
110,QUÍMICA FARMACÉUTICA
1905,ESTANCIA ESTUDIANTIL
220,INGENIERIA DE SISTEMAS II
181,FLOTACION
77,FISICOQUIMICA DE MEZCLAS LIQUIDAS
76,FISICOQUIMICA DE SISTEMAS MOLECULARE
86,OPTIMIZACION Y PROCESOS D SINT II
145,CATALISIS COMPUESTOS METAL FASE HOMO
277,HISTORIA Y FILOSOFIA DE LA QUIMICA
1090,CIENCIA Y ARTE II
1112,CIENCIA Y SOCIEDAD
1089,CIENCIA Y ARTE I
94,TOPICOS SELECTOS DE LA EDUCACION QUI
78,HISTORIA Y FILOSOFIA DE LA CIENCIA
278,TERMODINAMICA APLICADA EN PROCESOS
