rfc,nombre,apaterno,amaterno,pass,mail,
RFC1,NOMBRE1,APATERNO1,AMATERNO1,pass,correo1@correo.com
RFC2,NOMBRE2,APATERNO2,AMATERNO2,pass,correo1@correo.com
RFC3,NOMBRE3,APATERNO3,AMATERNO3,pass,correo1@correo.com
RFC4,NOMBRE4,APATERNO4,AMATERNO4,pass,correo1@correo.com
RFC5,NOMBRE5,APATERNO5,AMATERNO5,pass,correo1@correo.com
RFC6,NOMBRE6,APATERNO6,AMATERNO6,pass,correo1@correo.com
RFC7,NOMBRE7,APATERNO7,AMATERNO7,pass,correo1@correo.com
RFC8,NOMBRE8,APATERNO8,AMATERNO8,pass,correo1@correo.com
RFC9,NOMBRE9,APATERNO9,AMATERNO9,pass,correo1@correo.com
RFC10,NOMBRE10,APATERNO10,AMATERNO10,pass,correo1@correo.com
RFC11,NOMBRE11,APATERNO11,AMATERNO11,pass,correo1@correo.com
RFC12,NOMBRE12,APATERNO12,AMATERNO12,pass,correo1@correo.com
RFC13,NOMBRE13,APATERNO13,AMATERNO13,pass,correo1@correo.com
RFC14,NOMBRE14,APATERNO14,AMATERNO14,pass,correo1@correo.com
RFC15,NOMBRE15,APATERNO15,AMATERNO15,pass,correo1@correo.com
RFC16,NOMBRE16,APATERNO16,AMATERNO16,pass,correo1@correo.com
RFC17,NOMBRE17,APATERNO17,AMATERNO17,pass,correo1@correo.com
RFC18,NOMBRE18,APATERNO18,AMATERNO18,pass,correo1@correo.com
RFC19,NOMBRE19,APATERNO19,AMATERNO19,pass,correo1@correo.com
RFC20,NOMBRE20,APATERNO20,AMATERNO20,pass,correo1@correo.com
