rfc,nombre,apaterno,amaterno,pass,correo
RFC11,NOMBRE11,APATERNO11,AMATERNO11,pass,correo1@correo.com
RFC12,NOMBRE12,APATERNO12,AMATERNO12,pass,correo1@correo.com
RFC13,NOMBRE13,APATERNO13,AMATERNO13,pass,correo1@correo.com
RFC14,NOMBRE14,APATERNO14,AMATERNO14,pass,correo1@correo.com
RFC15,NOMBRE15,APATERNO15,AMATERNO15,pass,correo1@correo.com
RFC16,NOMBRE16,APATERNO16,AMATERNO16,pass,correo1@correo.com
RFC17,NOMBRE17,APATERNO17,AMATERNO17,pass,correo1@correo.com
RFC18,NOMBRE18,APATERNO18,AMATERNO18,pass,correo1@correo.com
RFC19,NOMBRE19,APATERNO19,AMATERNO19,pass,correo1@correo.com
RFC20,NOMBRE20,APATERNO20,AMATERNO20,pass,correo1@correo.com
